instrument_id,expire_day
IO2507-C-3000,2025-07-18
IO2507-P-3000,2025-07-18
IO2507-C-3050,2025-07-18
IO2507-P-3050,2025-07-18
IO2507-C-3100,2025-07-18
IO2507-P-3100,2025-07-18
IO2507-C-3150,2025-07-18
IO2507-P-3150,2025-07-18
IO2507-C-3200,2025-07-18
IO2507-P-3200,2025-07-18
IO2507-C-3250,2025-07-18
IO2507-P-3250,2025-07-18
IO2507-C-3300,2025-07-18
IO2507-P-3300,2025-07-18
IO2507-C-3350,2025-07-18
IO2507-P-3350,2025-07-18
IO2507-C-3400,2025-07-18
IO2507-P-3400,2025-07-18
IO2507-C-3450,2025-07-18
IO2507-P-3450,2025-07-18
IO2507-C-3500,2025-07-18
IO2507-P-3500,2025-07-18
IO2507-C-3550,2025-07-18
IO2507-P-3550,2025-07-18
IO2507-C-3600,2025-07-18
IO2507-P-3600,2025-07-18
IO2507-C-3650,2025-07-18
IO2507-P-3650,2025-07-18
IO2507-C-3700,2025-07-18
IO2507-P-3700,2025-07-18
IO2507-C-3750,2025-07-18
IO2507-P-3750,2025-07-18
IO2507-C-3800,2025-07-18
IO2507-P-3800,2025-07-18
IO2507-C-3850,2025-07-18
IO2507-P-3850,2025-07-18
IO2507-C-3900,2025-07-18
IO2507-P-3900,2025-07-18
IO2507-C-3950,2025-07-18
IO2507-P-3950,2025-07-18
IO2507-C-4000,2025-07-18
IO2507-P-4000,2025-07-18
